{"cameraMode":{"drawMode":0,"name":"Shaded","section":"Shading Mode"},"sceneLighting":false,"audioPlay":false,"sceneViewState":{"m_AlwaysRefresh":false,"showFog":true,"showSkybox":false,"showFlares":true,"showImageEffects":true,"showParticleSystems":true,"showVisualEffectGraphs":true,"m_FxEnabled":true},"in2DMode":false,"pivot":{"x":14.241308212280274,"y":-8.512415885925293,"z":10.613624572753907},"rotation":{"x":-0.24771586060523988,"y":-0.48579683899879458,"z":0.14677758514881135,"w":-0.8259534239768982},"size":13.248117446899414,"orthographic":false}