{"cameraMode":{"drawMode":0,"name":"Shaded","section":"Shading Mode"},"sceneLighting":false,"audioPlay":false,"sceneViewState":{"m_AlwaysRefresh":false,"showFog":true,"showSkybox":false,"showFlares":true,"showImageEffects":true,"showParticleSystems":true,"showVisualEffectGraphs":true,"m_FxEnabled":true},"in2DMode":false,"pivot":{"x":1.1711386442184449,"y":-0.3389105200767517,"z":2.9268317222595217},"rotation":{"x":0.16732671856880189,"y":0.10988344252109528,"z":-0.016611864790320398,"w":0.9798477292060852},"size":7.3523077964782719,"orthographic":false}