{"cameraMode":{"drawMode":0,"name":"Shaded","section":"Shading Mode"},"sceneLighting":false,"audioPlay":false,"sceneViewState":{"m_AlwaysRefresh":false,"showFog":true,"showSkybox":false,"showFlares":true,"showImageEffects":true,"showParticleSystems":true,"showVisualEffectGraphs":true,"m_FxEnabled":true},"in2DMode":false,"pivot":{"x":-0.0000026226043701171877,"y":0.10261714458465576,"z":0.002058267593383789},"rotation":{"x":-0.19899903237819673,"y":-0.04423903673887253,"z":0.006861558649688959,"w":-0.9792067408561707},"size":7.920912742614746,"orthographic":false}