{"cameraMode":{"drawMode":0,"name":"Shaded","section":"Shading Mode"},"sceneLighting":false,"audioPlay":false,"sceneViewState":{"m_AlwaysRefresh":false,"showFog":true,"showSkybox":false,"showFlares":true,"showImageEffects":true,"showParticleSystems":true,"showVisualEffectGraphs":true,"m_FxEnabled":true},"in2DMode":false,"pivot":{"x":-0.6130055785179138,"y":1.9125336408615113,"z":-0.6334140300750732},"rotation":{"x":0.1739095151424408,"y":-0.028854889795184137,"z":0.007299778051674366,"w":0.9845413565635681},"size":6.594882011413574,"orthographic":false}