{"cameraMode":{"drawMode":0,"name":"Shaded","section":"Shading Mode"},"sceneLighting":false,"audioPlay":false,"sceneViewState":{"m_AlwaysRefresh":false,"showFog":true,"showSkybox":false,"showFlares":true,"showImageEffects":true,"showParticleSystems":true,"showVisualEffectGraphs":true,"m_FxEnabled":true},"in2DMode":false,"pivot":{"x":-0.2862270772457123,"y":-0.1933283805847168,"z":3.2267377376556398},"rotation":{"x":0.10394324362277985,"y":0.09737222641706467,"z":-0.008073265664279461,"w":0.9900007247924805},"size":7.797755241394043,"orthographic":false}