{"cameraMode":{"drawMode":0,"name":"Shaded","section":"Shading Mode"},"sceneLighting":false,"audioPlay":false,"sceneViewState":{"m_AlwaysRefresh":false,"showFog":true,"showSkybox":false,"showFlares":true,"showImageEffects":true,"showParticleSystems":true,"showVisualEffectGraphs":true,"m_FxEnabled":true},"in2DMode":false,"pivot":{"x":1.4901161193847657e-8,"y":2.384185791015625e-7,"z":-2.384185791015625e-7},"rotation":{"x":0.08728455007076264,"y":0.9114358425140381,"z":-0.23920534551143647,"w":0.32387712597846987},"size":1.5314514636993409,"orthographic":false}