{"cameraMode":{"drawMode":0,"name":"Shaded","section":"Shading Mode"},"sceneLighting":false,"audioPlay":false,"sceneViewState":{"m_AlwaysRefresh":false,"showFog":true,"showSkybox":false,"showFlares":true,"showImageEffects":true,"showParticleSystems":true,"showVisualEffectGraphs":true,"m_FxEnabled":true},"in2DMode":false,"pivot":{"x":4.1705098152160648,"y":0.17523671686649323,"z":2.193446159362793},"rotation":{"x":0.11890611797571182,"y":0.18564549088478089,"z":-0.020451754331588746,"w":0.9754132628440857},"size":8.564234733581543,"orthographic":false}