{"cameraMode":{"drawMode":0,"name":"Shaded","section":"Shading Mode"},"sceneLighting":true,"audioPlay":false,"sceneViewState":{"m_AlwaysRefresh":false,"showFog":true,"showSkybox":true,"showFlares":true,"showImageEffects":true,"showParticleSystems":true,"showVisualEffectGraphs":true,"m_FxEnabled":true},"in2DMode":false,"pivot":{"x":0.16827315092086793,"y":0.9298244118690491,"z":-4.980445861816406},"rotation":{"x":-0.17367301881313325,"y":0.06110405921936035,"z":-0.010800941847264767,"w":-0.9828422665596008},"size":3.6073946952819826,"orthographic":false}