{"cameraMode":{"drawMode":0,"name":"Shaded","section":"Shading Mode"},"sceneLighting":true,"audioPlay":false,"sceneViewState":{"m_AlwaysRefresh":false,"showFog":true,"showSkybox":true,"showFlares":true,"showImageEffects":true,"showParticleSystems":true,"showVisualEffectGraphs":true,"m_FxEnabled":true},"in2DMode":false,"pivot":{"x":-0.04412500187754631,"y":-4.232059478759766,"z":6.05386209487915},"rotation":{"x":-0.27382105588912966,"y":-0.18328338861465455,"z":0.05396425724029541,"w":-0.9424121975898743},"size":10.024969100952149,"orthographic":false}