{"cameraMode":{"drawMode":0,"name":"Shaded","section":"Shading Mode"},"sceneLighting":true,"audioPlay":false,"sceneViewState":{"m_AlwaysRefresh":false,"showFog":true,"showSkybox":true,"showFlares":true,"showImageEffects":true,"showParticleSystems":true,"showVisualEffectGraphs":true,"m_FxEnabled":true},"in2DMode":false,"pivot":{"x":-4.494988918304443,"y":-8.415129661560059,"z":17.107839584350587},"rotation":{"x":0.25134485960006716,"y":0.02506360225379467,"z":-0.00990995205938816,"w":0.9669349193572998},"size":18.916364669799806,"orthographic":false}