{"cameraMode":{"drawMode":0,"name":"Shaded","section":"Shading Mode"},"sceneLighting":true,"audioPlay":false,"sceneViewState":{"m_AlwaysRefresh":false,"showFog":true,"showSkybox":true,"showFlares":true,"showImageEffects":true,"showParticleSystems":true,"showVisualEffectGraphs":true,"m_FxEnabled":true},"in2DMode":false,"pivot":{"x":-3.1116273403167726,"y":-11.905233383178711,"z":16.574356079101564},"rotation":{"x":0.31050705909729006,"y":-0.008359478786587716,"z":-0.0007083042291924357,"w":0.9499327540397644},"size":18.916364669799806,"orthographic":false}