{"cameraMode":{"drawMode":0,"name":"Shaded","section":"Shading Mode"},"sceneLighting":false,"audioPlay":false,"sceneViewState":{"m_AlwaysRefresh":false,"showFog":true,"showSkybox":false,"showFlares":true,"showImageEffects":true,"showParticleSystems":true,"showVisualEffectGraphs":true,"m_FxEnabled":true},"in2DMode":false,"pivot":{"x":1.5711517333984376,"y":-1.2217377424240113,"z":5.785889148712158},"rotation":{"x":0.13103511929512025,"y":0.0392581969499588,"z":-0.003023385303094983,"w":0.9908232092857361},"size":8.756745338439942,"orthographic":false}