{"cameraMode":{"drawMode":0,"name":"Shaded","section":"Shading Mode"},"sceneLighting":false,"audioPlay":false,"sceneViewState":{"m_AlwaysRefresh":false,"showFog":true,"showSkybox":false,"showFlares":true,"showImageEffects":true,"showParticleSystems":true,"showVisualEffectGraphs":true,"m_FxEnabled":true},"in2DMode":false,"pivot":{"x":3.4022397994995119,"y":-1.0938565731048585,"z":0.9945453405380249},"rotation":{"x":0.20995917916297913,"y":0.10030154883861542,"z":-0.01951400749385357,"w":0.9725867509841919},"size":8.36834716796875,"orthographic":false}