{"cameraMode":{"drawMode":0,"name":"Shaded","section":"Shading Mode"},"sceneLighting":false,"audioPlay":false,"sceneViewState":{"m_AlwaysRefresh":false,"showFog":true,"showSkybox":false,"showFlares":true,"showImageEffects":true,"showParticleSystems":true,"showVisualEffectGraphs":true,"m_FxEnabled":true},"in2DMode":false,"pivot":{"x":-0.005368232727050781,"y":0.2699071764945984,"z":-0.19309353828430177},"rotation":{"x":0.11249329894781113,"y":0.035203926265239719,"z":-0.0030299804639071228,"w":0.9926789402961731},"size":1.7730731964111329,"orthographic":false}