{"cameraMode":{"drawMode":0,"name":"Shaded","section":"Shading Mode"},"sceneLighting":false,"audioPlay":false,"sceneViewState":{"m_AlwaysRefresh":false,"showFog":true,"showSkybox":false,"showFlares":true,"showImageEffects":true,"showParticleSystems":true,"showVisualEffectGraphs":true,"m_FxEnabled":true},"in2DMode":false,"pivot":{"x":-1.9655810594558716,"y":0.7273086905479431,"z":0.15708112716674806},"rotation":{"x":-0.19236309826374055,"y":0.08220482617616654,"z":-0.018314743414521219,"w":-0.9779329895973206},"size":7.117621421813965,"orthographic":false}