{"cameraMode":{"drawMode":0,"name":"Shaded","section":"Shading Mode"},"sceneLighting":false,"audioPlay":false,"sceneViewState":{"m_AlwaysRefresh":false,"showFog":true,"showSkybox":false,"showFlares":true,"showImageEffects":true,"showParticleSystems":true,"showVisualEffectGraphs":true,"m_FxEnabled":true},"in2DMode":false,"pivot":{"x":-1.0427688360214234,"y":0.5473345518112183,"z":-0.4144679009914398},"rotation":{"x":0.06856102496385575,"y":0.5156324505805969,"z":-0.03897576779127121,"w":0.8534389138221741},"size":1.5314514636993409,"orthographic":false}