{"cameraMode":{"drawMode":0,"name":"Shaded","section":"Shading Mode"},"sceneLighting":true,"audioPlay":false,"sceneViewState":{"m_AlwaysRefresh":false,"showFog":true,"showSkybox":true,"showFlares":true,"showImageEffects":true,"showParticleSystems":true,"showVisualEffectGraphs":true,"m_FxEnabled":true},"in2DMode":false,"pivot":{"x":-48.01603698730469,"y":0.08497887849807739,"z":8.311497688293457},"rotation":{"x":0.03539273887872696,"y":-0.010492553934454918,"z":0.0003349430626258254,"w":0.9993111491203308},"size":5.008389949798584,"orthographic":false}