{"cameraMode":{"drawMode":0,"name":"Shaded","section":"Shading Mode"},"sceneLighting":true,"audioPlay":false,"sceneViewState":{"m_AlwaysRefresh":false,"showFog":true,"showSkybox":true,"showFlares":true,"showImageEffects":true,"showParticleSystems":true,"showVisualEffectGraphs":true,"m_FxEnabled":true},"in2DMode":false,"pivot":{"x":-37.479454040527347,"y":1.1444504261016846,"z":4.894501209259033},"rotation":{"x":0.13446646928787232,"y":0.041602082550525668,"z":-0.005665751174092293,"w":0.9899943470954895},"size":12.12435531616211,"orthographic":false}