{"cameraMode":{"drawMode":0,"name":"Shaded","section":"Shading Mode"},"sceneLighting":false,"audioPlay":false,"sceneViewState":{"m_AlwaysRefresh":false,"showFog":true,"showSkybox":false,"showFlares":true,"showImageEffects":true,"showParticleSystems":true,"showVisualEffectGraphs":true,"m_FxEnabled":true},"in2DMode":false,"pivot":{"x":4.76837158203125e-7,"y":0.0006546080112457275,"z":0.009733915328979493},"rotation":{"x":-0.19236309826374055,"y":0.08220482617616654,"z":-0.018314743414521219,"w":-0.9779329895973206},"size":8.931754112243653,"orthographic":false}