{"cameraMode":{"drawMode":0,"name":"Shaded","section":"Shading Mode"},"sceneLighting":true,"audioPlay":false,"sceneViewState":{"m_AlwaysRefresh":false,"showFog":true,"showSkybox":true,"showFlares":true,"showImageEffects":true,"showParticleSystems":true,"showVisualEffectGraphs":true,"m_FxEnabled":true},"in2DMode":false,"pivot":{"x":131.0433349609375,"y":36.19472122192383,"z":170.50775146484376},"rotation":{"x":0.07105562835931778,"y":0.4184776842594147,"z":-0.034208450466394427,"w":0.9052709937095642},"size":8.452364921569825,"orthographic":false}