{"cameraMode":{"drawMode":0,"name":"Shaded","section":"Shading Mode"},"sceneLighting":false,"audioPlay":false,"sceneViewState":{"m_AlwaysRefresh":false,"showFog":true,"showSkybox":false,"showFlares":true,"showImageEffects":true,"showParticleSystems":true,"showVisualEffectGraphs":true,"m_FxEnabled":true},"in2DMode":false,"pivot":{"x":-0.15937232971191407,"y":0.5782314538955689,"z":0.21415328979492188},"rotation":{"x":0.2832047641277313,"y":-0.4449395537376404,"z":0.15193380415439607,"w":0.835496187210083},"size":3.6379735469818117,"orthographic":false}