{"cameraMode":{"drawMode":0,"name":"Shaded","section":"Shading Mode"},"sceneLighting":false,"audioPlay":false,"sceneViewState":{"m_AlwaysRefresh":false,"showFog":true,"showSkybox":false,"showFlares":true,"showImageEffects":true,"showParticleSystems":true,"showVisualEffectGraphs":true,"m_FxEnabled":true},"in2DMode":false,"pivot":{"x":0.05494046211242676,"y":1.7013635635375977,"z":0.08514738082885742},"rotation":{"x":0.2832047641277313,"y":-0.4449395537376404,"z":0.15193380415439607,"w":0.835496187210083},"size":4.498619556427002,"orthographic":false}