{"cameraMode":{"drawMode":0,"name":"Shaded","section":"Shading Mode"},"sceneLighting":false,"audioPlay":false,"sceneViewState":{"m_AlwaysRefresh":false,"showFog":true,"showSkybox":false,"showFlares":true,"showImageEffects":true,"showParticleSystems":true,"showVisualEffectGraphs":true,"m_FxEnabled":true},"in2DMode":false,"pivot":{"x":1.1920928955078126e-7,"y":0.1392374038696289,"z":0.0010612010955810547},"rotation":{"x":-0.19236309826374055,"y":0.08220482617616654,"z":-0.018314743414521219,"w":-0.9779329895973206},"size":6.408362865447998,"orthographic":false}