{"cameraMode":{"drawMode":0,"name":"Shaded","section":"Shading Mode"},"sceneLighting":false,"audioPlay":false,"sceneViewState":{"m_AlwaysRefresh":false,"showFog":true,"showSkybox":false,"showFlares":true,"showImageEffects":true,"showParticleSystems":true,"showVisualEffectGraphs":true,"m_FxEnabled":true},"in2DMode":false,"pivot":{"x":-0.0000054836273193359378,"y":-0.0000040531158447265628,"z":0.01991128921508789},"rotation":{"x":-0.19236309826374055,"y":0.08220482617616654,"z":-0.018314743414521219,"w":-0.9779329895973206},"size":8.02593994140625,"orthographic":false}